run,seed,best_fitness,num_features
1,42,0.9963333333333333,11
2,7,0.9872280701754386,12
3,13,0.9963333333333333,11
4,99,0.9953333333333333,14
5,2025,0.9797894736842104,8
