run,seed,best_fitness,num_features
1,200,0.9882280701754386,9
2,201,0.996,12
3,202,0.9801228070175438,7
4,203,0.9868947368421053,13
5,204,0.9963333333333333,11
